model,epoch,lr,train_loss,train_accuracy,train_precision,train_recall,train_f1,train_tn,train_fp,train_fn,train_tp,validation_loss,validation_accuracy,validation_precision,validation_recall,validation_f1,validation_tn,validation_fp,validation_fn,validation_tp,test_loss,test_accuracy,test_precision,test_recall,test_f1,test_tn,test_fp,test_fn,test_tp
resnet18,1,0.0001,0.11497679165403586,0.958276950834461,0.9880690737833595,0.9553734061930783,0.9714462108350054,1102,38,147,3147,0.08476653508841991,0.9786967418546366,1.0,0.9711375212224108,0.9853574504737296,209,0,17,572,0.4517132536603663,0.8798076923076923,0.841648590021692,0.9948717948717949,0.9118683901292597,161,73,2,388
resnet18,2,9.829629131445342e-05,0.061991595030906343,0.978574650428507,0.992608561749307,0.9784456587735276,0.9854762268766244,1116,24,71,3223,0.18532878086192622,0.9461152882205514,1.0,0.9269949066213922,0.9621145374449339,209,0,43,546,0.25277734910830474,0.9278846153846154,0.9156626506024096,0.9743589743589743,0.9440993788819876,199,35,10,380
resnet18,3,9.330127018922195e-05,0.035671203216158916,0.9860171402796571,0.9947948560930803,0.9863387978142076,0.9905487804878049,1123,17,45,3249,0.15352823916369848,0.9573934837092731,1.0,0.9422750424448217,0.9702797202797203,209,0,34,555,0.35843835150202114,0.8942307692307693,0.8665158371040724,0.982051282051282,0.9206730769230769,175,59,7,383
resnet18,4,8.535533905932738e-05,0.028322975763720896,0.9905277401894452,0.9966401954795358,0.990588949605343,0.993605359317905,1129,11,31,3263,0.13562172326057412,0.968671679197995,1.0,0.9575551782682513,0.9783174327840416,209,0,25,564,0.4193774465686427,0.8942307692307693,0.8648648648648649,0.9846153846153847,0.920863309352518,174,60,6,384
resnet18,5,7.500000000000001e-05,0.02391983615785852,0.9916553901668922,0.9975557592422853,0.9911961141469339,0.994365768235115,1132,8,29,3265,0.1417879772192815,0.9661654135338346,1.0,0.9541595925297114,0.9765421372719374,209,0,27,562,0.33404371557900536,0.9102564102564102,0.8847926267281107,0.9846153846153847,0.9320388349514563,184,50,6,384
resnet18,6,6.294095225512605e-05,0.019133526036544397,0.9934596301308074,0.9975617189881134,0.9936247723132969,0.9955893536121673,1132,8,21,3273,0.08406151457949959,0.9799498746867168,1.0,0.9728353140916808,0.9862306368330465,209,0,16,573,0.4701270744419442,0.8990384615384616,0.8641425389755011,0.9948717948717949,0.9249106078665077,173,61,2,388
resnet18,7,5.000000000000001e-05,0.01011932350791332,0.9975191700496165,0.9987845639623215,0.9978749241044323,0.99832953682612,1136,4,7,3287,0.06681679483773864,0.9824561403508771,1.0,0.9762308998302207,0.9879725085910653,209,0,14,575,0.6205112455436625,0.875,0.8376623376623377,0.9923076923076923,0.9084507042253521,159,75,3,387
resnet18,8,3.705904774487398e-05,0.007644964083058808,0.9979702300405954,0.9990884229717412,0.9981785063752276,0.9986332574031891,1137,3,6,3288,0.0722590169535581,0.981203007518797,1.0,0.9745331069609507,0.9871023215821152,209,0,15,574,0.559142018462388,0.8846153846153846,0.8471615720524017,0.9948717948717949,0.9150943396226415,164,70,2,388
resnet18,9,2.5000000000000018e-05,0.009144827959746925,0.9972936400541272,0.9987841945288753,0.9975713418336369,0.9981773997569866,1136,4,8,3286,0.04725760507909698,0.9837092731829574,0.996551724137931,0.9813242784380306,0.9888793840889649,207,2,11,578,0.755006544259138,0.8557692307692307,0.8138075313807531,0.9974358974358974,0.8963133640552995,145,89,1,389
resnet18,10,1.4644660940672632e-05,0.0063185516998896865,0.9979702300405954,0.9996957712199575,0.9975713418336369,0.998632426682875,1139,1,8,3286,0.06711495865281102,0.9824561403508771,1.0,0.9762308998302207,0.9879725085910653,209,0,14,575,0.591444996618427,0.8798076923076923,0.8401727861771058,0.9974358974358974,0.9120750293083235,160,74,1,389
resnet18,11,6.698729810778067e-06,0.00682638686045922,0.998872350022553,0.9993926510780443,0.9990892531876139,0.9992409291027782,1138,2,3,3291,0.053397850386733024,0.9837092731829574,0.9982698961937716,0.9796264855687606,0.988860325621251,208,1,12,577,0.6904223150646803,0.8605769230769231,0.8189473684210526,0.9974358974358974,0.8994219653179191,148,86,1,389
resnet18,12,1.7037086855465907e-06,0.0055167622160398385,0.9981957600360848,0.9993920972644377,0.9981785063752276,0.9987849331713244,1138,2,6,3288,0.05245344827411449,0.9837092731829574,0.9982698961937716,0.9796264855687606,0.988860325621251,208,1,12,577,0.6918012419602093,0.8573717948717948,0.8155136268343816,0.9974358974358974,0.8973471741637832,146,88,1,389
resnet50,1,0.0001,0.17719115537831145,0.9354984212900316,0.978676002546149,0.9335154826958105,0.9555624611559975,1073,67,219,3075,0.12857694785696522,0.9573934837092731,0.9946524064171123,0.9473684210526315,0.9704347826086956,206,3,31,558,0.3007442462855043,0.9006410256410257,0.8796296296296297,0.9743589743589743,0.9245742092457421,182,52,10,380
resnet50,2,9.829629131445342e-05,0.07270393591503545,0.975191700496166,0.9919653893695921,0.9744990892531876,0.9831546707503829,1114,26,84,3210,0.17774330393030754,0.9473684210526315,0.9981785063752276,0.9303904923599321,0.9630931458699473,208,1,41,548,0.2350681884548603,0.9326923076923077,0.9243902439024391,0.9717948717948718,0.9475,203,31,11,379
resnet50,3,9.330127018922195e-05,0.04585695425178696,0.9839873703202526,0.9941735663906777,0.98421372191864,0.9891685736079329,1121,19,52,3242,0.11573892773915652,0.9649122807017544,0.9964601769911504,0.9558573853989814,0.975736568457539,207,2,26,563,0.30473823034658265,0.9118589743589743,0.8868360277136259,0.9846153846153847,0.9331713244228432,185,49,6,384
resnet50,4,8.535533905932738e-05,0.034679874879873895,0.9878213802435724,0.9966278356836297,0.9869459623557985,0.9917632702867603,1129,11,43,3251,0.0742778225304713,0.9736842105263158,0.9930555555555556,0.9711375212224108,0.9819742489270387,205,4,17,572,0.44134329698788816,0.8926282051282052,0.8565121412803532,0.9948717948717949,0.9205219454329775,169,65,2,388
resnet50,5,7.500000000000001e-05,0.019884560855813777,0.9925575101488497,0.9972552607502287,0.9927140255009107,0.9949794614331355,1131,9,24,3270,0.0998376840608834,0.9736842105263158,1.0,0.9643463497453311,0.9818496110630942,209,0,21,568,0.4261738444911316,0.9102564102564102,0.8830275229357798,0.9871794871794872,0.9322033898305084,183,51,5,385
resnet50,6,6.294095225512605e-05,0.018311611842154032,0.993234100135318,0.9978645515558268,0.9930176077717061,0.9954351795496044,1133,7,23,3271,0.07449783743440844,0.9799498746867168,0.9965337954939342,0.9762308998302207,0.9862778730703259,207,2,14,575,0.4775334133509881,0.8990384615384616,0.8657718120805369,0.9923076923076923,0.9247311827956989,174,60,3,387
resnet50,7,5.000000000000001e-05,0.01034916950599574,0.9957149300857014,0.9984779299847792,0.9957498482088646,0.9971120231038152,1135,5,14,3280,0.07453864010839832,0.9824561403508771,1.0,0.9762308998302207,0.9879725085910653,209,0,14,575,0.5137090230105409,0.8942307692307693,0.86,0.9923076923076923,0.9214285714285714,171,63,3,387
resnet50,8,3.705904774487398e-05,0.015578757051400438,0.9957149300857014,0.9978716935238674,0.9963570127504554,0.9971137779128058,1133,7,12,3282,0.07509559555385346,0.9774436090225563,0.9982547993019197,0.9711375212224108,0.9845094664371773,208,1,17,572,0.4802047504001679,0.8878205128205128,0.8555555555555555,0.9871794871794872,0.9166666666666666,169,65,5,385
resnet50,9,2.5000000000000018e-05,0.007923389997763453,0.9975191700496165,0.9996955859969558,0.9969641772920461,0.9983280133758929,1139,1,10,3284,0.0622161961782649,0.9799498746867168,0.9965337954939342,0.9762308998302207,0.9862778730703259,207,2,14,575,0.5431818187338276,0.8846153846153846,0.8486842105263158,0.9923076923076923,0.9148936170212766,165,69,3,387
resnet50,10,1.4644660940672632e-05,0.00609197074919813,0.9981957600360848,0.9990886998784934,0.9984820886460231,0.9987853021560886,1137,3,5,3289,0.05688769110527478,0.9824561403508771,0.9965457685664939,0.9796264855687606,0.988013698630137,207,2,12,577,0.6155890631452143,0.8766025641025641,0.838012958963283,0.9948717948717949,0.9097303634232122,159,75,2,388
resnet50,11,6.698729810778067e-06,0.005441936592738,0.9979702300405954,0.9990884229717412,0.9981785063752276,0.9986332574031891,1137,3,6,3288,0.06125230274226209,0.9799498746867168,0.9965337954939342,0.9762308998302207,0.9862778730703259,207,2,14,575,0.5947865111610064,0.8830128205128205,0.8453159041394336,0.9948717948717949,0.9140164899882215,163,71,2,388
resnet50,12,1.7037086855465907e-06,0.005026534667896442,0.998872350022553,0.9993926510780443,0.9990892531876139,0.9992409291027782,1138,2,3,3291,0.057168033406404514,0.981203007518797,0.9965397923875432,0.9779286926994907,0.987146529562982,207,2,13,576,0.6183490790344643,0.8782051282051282,0.8398268398268398,0.9948717948717949,0.9107981220657277,160,74,2,388
resnet101,1,0.0001,0.15640780939999926,0.9388813712223726,0.984921398780879,0.9319975713418336,0.9577289034472001,1093,47,224,3070,0.08075229319414698,0.9724310776942355,1.0,0.9626485568760611,0.9809688581314879,209,0,22,567,0.3337912271635082,0.8782051282051282,0.841304347826087,0.9923076923076923,0.9105882352941177,161,73,3,387
resnet101,2,9.829629131445342e-05,0.0569587434765101,0.9794767704104645,0.9932245149368648,0.9790528233151184,0.9860877541660297,1118,22,69,3225,0.09141648646658823,0.9649122807017544,1.0,0.9524617996604414,0.9756521739130435,209,0,28,561,0.33489255033111054,0.8974358974358975,0.8671171171171171,0.9871794871794872,0.9232613908872902,175,59,5,385
resnet101,3,9.330127018922195e-05,0.029735657001686327,0.9905277401894452,0.9972477064220183,0.9899817850637522,0.993601462522852,1131,9,33,3261,0.10427194056953105,0.9649122807017544,1.0,0.9524617996604414,0.9756521739130435,209,0,28,561,0.3622195744560136,0.9134615384615384,0.8853211009174312,0.9897435897435898,0.9346246973365617,184,50,4,386
resnet101,4,8.535533905932738e-05,0.03819605101775386,0.9882724402345512,0.9951130116065975,0.9890710382513661,0.9920828258221681,1124,16,36,3258,0.06809656102826497,0.981203007518797,0.9831649831649831,0.9915110356536503,0.9873203719357565,199,10,5,584,0.8073755349898233,0.8349358974358975,0.7922606924643585,0.9974358974358974,0.8830874006810443,132,102,1,389
resnet101,5,7.500000000000001e-05,0.026437869345047584,0.9891745602165088,0.9978527607361963,0.9875531268973892,0.9926762282575526,1133,7,41,3253,0.06426158406419263,0.981203007518797,1.0,0.9745331069609507,0.9871023215821152,209,0,15,574,0.5749035938381731,0.8766025641025641,0.8394793926247288,0.9923076923076923,0.9095182138660399,160,74,3,387
resnet101,6,6.294095225512605e-05,0.01203743923145351,0.9957149300857014,0.9984779299847792,0.9957498482088646,0.9971120231038152,1135,5,14,3280,0.05219192600886064,0.9799498746867168,1.0,0.9728353140916808,0.9862306368330465,209,0,16,573,0.6641241508768871,0.8717948717948718,0.8311965811965812,0.9974358974358974,0.9067599067599068,155,79,1,389
resnet101,7,5.000000000000001e-05,0.005994648858369233,0.9984212900315742,1.0,0.9978749241044323,0.9989363318644583,1140,0,7,3287,0.06818505067887125,0.9849624060150376,1.0,0.9796264855687606,0.9897084048027445,209,0,12,577,0.5426104318545325,0.8926282051282052,0.8549450549450549,0.9974358974358974,0.9207100591715977,168,66,1,389
resnet101,8,3.705904774487398e-05,0.0037848203260307466,0.998872350022553,1.0,0.9984820886460231,0.999240467871791,1140,0,5,3289,0.06539435402257077,0.9786967418546366,1.0,0.9711375212224108,0.9853574504737296,209,0,17,572,0.5695157660834061,0.8958333333333334,0.8603104212860311,0.9948717948717949,0.9227110582639715,171,63,2,388
resnet101,9,2.5000000000000018e-05,0.005669483860209679,0.9986468200270636,0.9996960486322188,0.9984820886460231,0.9990886998784934,1139,1,5,3289,0.08759617561271373,0.9761904761904762,1.0,0.967741935483871,0.9836065573770492,209,0,19,570,0.4647383799474949,0.9134615384615384,0.8818181818181818,0.9948717948717949,0.9349397590361446,182,52,2,388
resnet101,10,1.4644660940672632e-05,0.004228440629279289,0.9984212900315742,0.9990889766170665,0.9987856709168185,0.9989373007438895,1137,3,4,3290,0.062222114185286795,0.9849624060150376,1.0,0.9796264855687606,0.9897084048027445,209,0,12,577,0.5956174755321206,0.8990384615384616,0.8641425389755011,0.9948717948717949,0.9249106078665077,173,61,2,388
resnet101,11,6.698729810778067e-06,0.002771193248393177,0.9993234100135318,0.9996963255390222,0.9993928354584092,0.9995445574616669,1139,1,2,3292,0.06881511604873217,0.981203007518797,1.0,0.9745331069609507,0.9871023215821152,209,0,15,574,0.5766683217527595,0.9022435897435898,0.8680089485458613,0.9948717948717949,0.927120669056153,175,59,2,388
resnet101,12,1.7037086855465907e-06,0.0022246553394958835,0.9993234100135318,1.0,0.9990892531876139,0.9995444191343964,1140,0,3,3291,0.06020805312852774,0.9849624060150376,1.0,0.9796264855687606,0.9897084048027445,209,0,12,577,0.6407970736058465,0.8942307692307693,0.8568281938325991,0.9974358974358974,0.9218009478672986,169,65,1,389
